{
  "model": "Qwen/Qwen3-8B",
  "calib_tokens": 800,
  "fro_E": 61.72856903076172,
  "spectrum": {
    "plain_energy": {
      "8": 0.00387071561999619,
      "16": 0.006693033501505852,
      "32": 0.012179650366306305,
      "64": 0.022969840094447136
    },
    "l2qer_energy": {
      "8": 0.5051828026771545,
      "16": 0.5636451840400696,
      "32": 0.6024552583694458,
      "64": 0.6270592212677002
    }
  },
  "results": {
    "fp4_baseline": {
      "weight": {
        "rel_fro": 0.09508253633975983,
        "row_relerr_mean": 0.09498399496078491,
        "row_relerr_p99": 0.09780970960855484,
        "row_relerr_max": 0.10049112141132355,
        "row_snr_db_mean": 20.44776725769043,
        "row_snr_db_min": 19.95744514465332
      },
      "logit": {
        "mse": 0.23621322214603424,
        "cosine": 0.9941588640213013,
        "kl_gold_cand": 0.006958337500691414,
        "top1_agree": 0.9912499785423279,
        "top5_overlap": 0.8869999647140503,
        "top5_rank_corr": 0.9168750047683716
      },
      "loss": {
        "ce_gold": 0.33465567231178284,
        "ce_cand": 0.33488792181015015,
        "ce_delta": 0.00023224949836730957,
        "ppl_gold": 1.3974591493606567,
        "ppl_cand": 1.397783637046814,
        "ppl_ratio": 1.000232219696045
      }
    },
    "plain_k8": {
      "weight": {
        "rel_fro": 0.09490877389907837,
        "row_relerr_mean": 0.09357866644859314,
        "row_relerr_p99": 0.09768088907003403,
        "row_relerr_max": 0.10031469911336899,
        "row_snr_db_mean": 20.816194534301758,
        "row_snr_db_min": 19.972707748413086
      },
      "logit": {
        "mse": 0.2301376760005951,
        "cosine": 0.9942639470100403,
        "kl_gold_cand": 0.006488819606602192,
        "top1_agree": 0.9912499785423279,
        "top5_overlap": 0.8844999670982361,
        "top5_rank_corr": 0.9164999723434448
      },
      "loss": {
        "ce_gold": 0.33465567231178284,
        "ce_cand": 0.33413028717041016,
        "ce_delta": -0.0005253851413726807,
        "ppl_gold": 1.3974591493606567,
        "ppl_cand": 1.396725058555603,
        "ppl_ratio": 0.9994747042655945
      }
    },
    "plain_k16": {
      "weight": {
        "rel_fro": 0.094778873026371,
        "row_relerr_mean": 0.09344932436943054,
        "row_relerr_p99": 0.09755436331033707,
        "row_relerr_max": 0.09997421503067017,
        "row_snr_db_mean": 20.82919692993164,
        "row_snr_db_min": 20.002241134643555
      },
      "logit": {
        "mse": 0.22960057854652405,
        "cosine": 0.9942753911018372,
        "kl_gold_cand": 0.00650428980588913,
        "top1_agree": 0.9925000071525574,
        "top5_overlap": 0.8840000033378601,
        "top5_rank_corr": 0.9157499670982361
      },
      "loss": {
        "ce_gold": 0.33465567231178284,
        "ce_cand": 0.33423542976379395,
        "ce_delta": -0.0004202425479888916,
        "ppl_gold": 1.3974591493606567,
        "ppl_cand": 1.3968719244003296,
        "ppl_ratio": 0.9995798468589783
      }
    },
    "plain_k32": {
      "weight": {
        "rel_fro": 0.0945175290107727,
        "row_relerr_mean": 0.09318996965885162,
        "row_relerr_p99": 0.09729022532701492,
        "row_relerr_max": 0.09974713623523712,
        "row_snr_db_mean": 20.855188369750977,
        "row_snr_db_min": 20.021991729736328
      },
      "logit": {
        "mse": 0.22886496782302856,
        "cosine": 0.9942904710769653,
        "kl_gold_cand": 0.006535240449011326,
        "top1_agree": 0.9925000071525574,
        "top5_overlap": 0.8855000138282776,
        "top5_rank_corr": 0.9153750538825989
      },
      "loss": {
        "ce_gold": 0.33465567231178284,
        "ce_cand": 0.3342454433441162,
        "ce_delta": -0.000410228967666626,
        "ppl_gold": 1.3974591493606567,
        "ppl_cand": 1.3968859910964966,
        "ppl_ratio": 0.9995898604393005
      }
    },
    "plain_k64": {
      "weight": {
        "rel_fro": 0.093998983502388,
        "row_relerr_mean": 0.09268271923065186,
        "row_relerr_p99": 0.09677936136722565,
        "row_relerr_max": 0.09922318160533905,
        "row_snr_db_mean": 20.90186309814453,
        "row_snr_db_min": 20.067737579345703
      },
      "logit": {
        "mse": 0.22717149555683136,
        "cosine": 0.9943268299102783,
        "kl_gold_cand": 0.006666573230177164,
        "top1_agree": 0.9912499785423279,
        "top5_overlap": 0.8854999542236328,
        "top5_rank_corr": 0.9160000681877136
      },
      "loss": {
        "ce_gold": 0.33465567231178284,
        "ce_cand": 0.3335728347301483,
        "ce_delta": -0.0010828375816345215,
        "ppl_gold": 1.3974591493606567,
        "ppl_cand": 1.395946741104126,
        "ppl_ratio": 0.9989177584648132
      }
    },
    "l2qer_k8": {
      "weight": {
        "rel_fro": 0.09499045461416245,
        "row_relerr_mean": 0.09481289237737656,
        "row_relerr_p99": 0.09771893173456192,
        "row_relerr_max": 0.10040993243455887,
        "row_snr_db_mean": 20.463850021362305,
        "row_snr_db_min": 19.964466094970703
      },
      "logit": {
        "mse": 0.17091287672519684,
        "cosine": 0.9958856105804443,
        "kl_gold_cand": 0.003103845752775669,
        "top1_agree": 0.9912499785423279,
        "top5_overlap": 0.9112499952316284,
        "top5_rank_corr": 0.9308750033378601
      },
      "loss": {
        "ce_gold": 0.33465567231178284,
        "ce_cand": 0.3323151469230652,
        "ce_delta": -0.0023405253887176514,
        "ppl_gold": 1.3974591493606567,
        "ppl_cand": 1.394192099571228,
        "ppl_ratio": 0.9976621866226196
      }
    },
    "l2qer_k16": {
      "weight": {
        "rel_fro": 0.09489727020263672,
        "row_relerr_mean": 0.09469539672136307,
        "row_relerr_p99": 0.09763139486312866,
        "row_relerr_max": 0.10035108029842377,
        "row_snr_db_mean": 20.474834442138672,
        "row_snr_db_min": 19.969558715820312
      },
      "logit": {
        "mse": 0.1634422242641449,
        "cosine": 0.9960662722587585,
        "kl_gold_cand": 0.0029833561275154352,
        "top1_agree": 0.9937499761581421,
        "top5_overlap": 0.9124999642372131,
        "top5_rank_corr": 0.9355000257492065
      },
      "loss": {
        "ce_gold": 0.33465567231178284,
        "ce_cand": 0.33124756813049316,
        "ce_delta": -0.003408104181289673,
        "ppl_gold": 1.3974591493606567,
        "ppl_cand": 1.3927044868469238,
        "ppl_ratio": 0.9965977072715759
      }
    },
    "l2qer_k32": {
      "weight": {
        "rel_fro": 0.09470602124929428,
        "row_relerr_mean": 0.09444191306829453,
        "row_relerr_p99": 0.0974479392170906,
        "row_relerr_max": 0.09998370707035065,
        "row_snr_db_mean": 20.49888801574707,
        "row_snr_db_min": 20.001415252685547
      },
      "logit": {
        "mse": 0.15815651416778564,
        "cosine": 0.9961965680122375,
        "kl_gold_cand": 0.002693444024771452,
        "top1_agree": 0.9925000071525574,
        "top5_overlap": 0.9132499694824219,
        "top5_rank_corr": 0.9363750219345093
      },
      "loss": {
        "ce_gold": 0.33465567231178284,
        "ce_cand": 0.33091965317726135,
        "ce_delta": -0.0037360191345214844,
        "ppl_gold": 1.3974591493606567,
        "ppl_cand": 1.3922477960586548,
        "ppl_ratio": 0.9962709546089172
      }
    },
    "l2qer_k64": {
      "weight": {
        "rel_fro": 0.09432373940944672,
        "row_relerr_mean": 0.09371184557676315,
        "row_relerr_p99": 0.09708839654922485,
        "row_relerr_max": 0.09969756007194519,
        "row_snr_db_mean": 20.57856559753418,
        "row_snr_db_min": 20.026309967041016
      },
      "logit": {
        "mse": 0.15481866896152496,
        "cosine": 0.99627685546875,
        "kl_gold_cand": 0.0026833992451429367,
        "top1_agree": 0.9925000071525574,
        "top5_overlap": 0.9154999852180481,
        "top5_rank_corr": 0.9361249804496765
      },