{
  "model": "Qwen/Qwen3-0.6B",
  "calib_tokens": 800,
  "fro_E": 34.71438980102539,
  "spectrum": {
    "plain_energy": {
      "8": 0.020716985687613487,
      "16": 0.035381171852350235,
      "32": 0.05877288058400154,
      "64": 0.09688684344291687
    },
    "l2qer_energy": {
      "8": 0.6906163096427917,
      "16": 0.7366285920143127,
      "32": 0.785062849521637,
      "64": 0.8150773644447327
    }
  },
  "results": {
    "fp4_baseline": {
      "weight": {
        "rel_fro": 0.09530239552259445,
        "row_relerr_mean": 0.09512798488140106,
        "row_relerr_p99": 0.10072626918554306,
        "row_relerr_max": 0.10622276365756989,
        "row_snr_db_mean": 20.436899185180664,
        "row_snr_db_min": 19.475648880004883
      },
      "logit": {
        "mse": 0.3072230815887451,
        "cosine": 0.9891496896743774,
        "kl_gold_cand": 0.008259948343038559,
        "top1_agree": 0.9762499928474426,
        "top5_overlap": 0.869499921798706,
        "top5_rank_corr": 0.8765000104904175
      },
      "loss": {
        "ce_gold": 0.45059800148010254,
        "ce_cand": 0.45410215854644775,
        "ce_delta": 0.003504157066345215,
        "ppl_gold": 1.569250226020813,
        "ppl_cand": 1.5747588872909546,
        "ppl_ratio": 1.0035103559494019
      }
    },
    "plain_k8": {
      "weight": {
        "rel_fro": 0.09432119131088257,
        "row_relerr_mean": 0.0934002697467804,
        "row_relerr_p99": 0.0998593419790268,
        "row_relerr_max": 0.1046401709318161,
        "row_snr_db_mean": 20.646390914916992,
        "row_snr_db_min": 19.60603141784668
      },
      "logit": {
        "mse": 0.18408989906311035,
        "cosine": 0.9937328696250916,
        "kl_gold_cand": 0.00638464093208313,
        "top1_agree": 0.9774999618530273,
        "top5_overlap": 0.888249933719635,
        "top5_rank_corr": 0.8928749561309814
      },
      "loss": {
        "ce_gold": 0.45059800148010254,
        "ce_cand": 0.4552156329154968,
        "ce_delta": 0.004617631435394287,
        "ppl_gold": 1.569250226020813,
        "ppl_cand": 1.5765132904052734,
        "ppl_ratio": 1.004628300666809
      }
    },
    "plain_k16": {
      "weight": {
        "rel_fro": 0.09361632913351059,
        "row_relerr_mean": 0.09250567853450775,
        "row_relerr_p99": 0.09918343275785446,
        "row_relerr_max": 0.10435163229703903,
        "row_snr_db_mean": 20.78296661376953,
        "row_snr_db_min": 19.630016326904297
      },
      "logit": {
        "mse": 0.1777934730052948,
        "cosine": 0.9939748048782349,
        "kl_gold_cand": 0.00605781702324748,
        "top1_agree": 0.9787499904632568,
        "top5_overlap": 0.8860000371932983,
        "top5_rank_corr": 0.8960000276565552
      },
      "loss": {
        "ce_gold": 0.45059800148010254,
        "ce_cand": 0.4544016122817993,
        "ce_delta": 0.0038036108016967773,
        "ppl_gold": 1.569250226020813,
        "ppl_cand": 1.5752304792404175,
        "ppl_ratio": 1.0038108825683594
      }
    },
    "plain_k32": {
      "weight": {
        "rel_fro": 0.0924750342965126,
        "row_relerr_mean": 0.09124770760536194,
        "row_relerr_p99": 0.09816128760576248,
        "row_relerr_max": 0.1032005026936531,
        "row_snr_db_mean": 20.951114654541016,
        "row_snr_db_min": 19.726364135742188
      },
      "logit": {
        "mse": 0.170772522687912,
        "cosine": 0.9942573308944702,
        "kl_gold_cand": 0.005702412221580744,
        "top1_agree": 0.981249988079071,
        "top5_overlap": 0.8872499465942383,
        "top5_rank_corr": 0.900749921798706
      },
      "loss": {
        "ce_gold": 0.45059800148010254,
        "ce_cand": 0.45356377959251404,
        "ce_delta": 0.002965778112411499,
        "ppl_gold": 1.569250226020813,
        "ppl_cand": 1.5739113092422485,
        "ppl_ratio": 1.0029702186584473
      }
    },
    "plain_k64": {
      "weight": {
        "rel_fro": 0.090580515563488,
        "row_relerr_mean": 0.08931457996368408,
        "row_relerr_p99": 0.09640772640705109,
        "row_relerr_max": 0.10113686323165894,
        "row_snr_db_mean": 21.144922256469727,
        "row_snr_db_min": 19.901809692382812
      },
      "logit": {
        "mse": 0.1676236242055893,
        "cosine": 0.9943783283233643,
        "kl_gold_cand": 0.005746250040829182,
        "top1_agree": 0.9799999594688416,
        "top5_overlap": 0.891499936580658,
        "top5_rank_corr": 0.903124988079071
      },
      "loss": {
        "ce_gold": 0.45059800148010254,
        "ce_cand": 0.4533888101577759,
        "ce_delta": 0.00279080867767334,
        "ppl_gold": 1.569250226020813,
        "ppl_cand": 1.5736359357833862,
        "ppl_ratio": 1.0027947425842285
      }
    },
    "l2qer_k8": {
      "weight": {
        "rel_fro": 0.09450832009315491,
        "row_relerr_mean": 0.09414287656545639,
        "row_relerr_p99": 0.09996737539768219,
        "row_relerr_max": 0.10500173270702362,
        "row_snr_db_mean": 20.529970169067383,
        "row_snr_db_min": 19.57607078552246
      },
      "logit": {
        "mse": 0.17810939252376556,
        "cosine": 0.9939915537834167,
        "kl_gold_cand": 0.006021915934979916,
        "top1_agree": 0.981249988079071,
        "top5_overlap": 0.8865000009536743,
        "top5_rank_corr": 0.8989999890327454
      },
      "loss": {
        "ce_gold": 0.45059800148010254,
        "ce_cand": 0.4550740718841553,
        "ce_delta": 0.004476070404052734,
        "ppl_gold": 1.569250226020813,
        "ppl_cand": 1.576290249824524,
        "ppl_ratio": 1.004486083984375
      }
    },
    "l2qer_k16": {
      "weight": {
        "rel_fro": 0.0939536765217781,
        "row_relerr_mean": 0.09353233873844147,
        "row_relerr_p99": 0.09943629056215286,
        "row_relerr_max": 0.10466636717319489,
        "row_snr_db_mean": 20.587739944458008,
        "row_snr_db_min": 19.603857040405273
      },
      "logit": {
        "mse": 0.1697675585746765,
        "cosine": 0.9943058490753174,
        "kl_gold_cand": 0.0058060637675225735,
        "top1_agree": 0.9774999618530273,
        "top5_overlap": 0.8889999985694885,
        "top5_rank_corr": 0.905750036239624
      },
      "loss": {
        "ce_gold": 0.45059800148010254,
        "ce_cand": 0.45463329553604126,
        "ce_delta": 0.004035294055938721,
        "ppl_gold": 1.569250226020813,
        "ppl_cand": 1.575595498085022,
        "ppl_ratio": 1.004043459892273
      }
    },
    "l2qer_k32": {
      "weight": {
        "rel_fro": 0.09296596050262451,
        "row_relerr_mean": 0.09244989603757858,
        "row_relerr_p99": 0.09848745912313461,
        "row_relerr_max": 0.10394098609685898,
        "row_snr_db_mean": 20.691659927368164,
        "row_snr_db_min": 19.664264678955078
      },
      "logit": {
        "mse": 0.16241469979286194,
        "cosine": 0.9946098327636719,
        "kl_gold_cand": 0.005473169963806868,
        "top1_agree": 0.9824999570846558,
        "top5_overlap": 0.890999972820282,
        "top5_rank_corr": 0.9077498912811279
      },
      "loss": {
        "ce_gold": 0.45059800148010254,
        "ce_cand": 0.4533865451812744,
        "ce_delta": 0.002788543701171875,
        "ppl_gold": 1.569250226020813,
        "ppl_cand": 1.5736323595046997,
        "ppl_ratio": 1.002792477607727
      }
    },
    "l2qer_k64": {
      "weight": {
        "rel_fro": 0.0912889763712883,
        "row_relerr_mean": 0.09055871516466141,
        "row_relerr_p99": 0.09700151532888412,
        "row_relerr_max": 0.10165608674287796,
        "row_snr_db_mean": 20.883440017700195,
        "row_snr_db_min": 19.85733413696289
      },
      "logit": {
        "mse": 0.156561478972435,
        "cosine": 0.9948431253433228,
        "kl_gold_cand": 0.00518367625772953,
        "top1_agree": 0.981249988079071,
        "top5_overlap": 0.8865000009536743,
        "top5_rank_corr": 0.9108749032020569
      },
      "loss": {
        "ce_gold": 0.45059800148010254,