{
  "model": "Qwen/Qwen3-0.6B",
  "calib_tokens": 400,
  "fro_E": 34.71438980102539,
  "spectrum": {
    "plain_energy": {
      "8": 0.020716985687613487,
      "16": 0.035381171852350235,
      "32": 0.05877288058400154,
      "64": 0.09688684344291687
    },
    "l2qer_energy": {
      "8": 0.686190128326416,
      "16": 0.7365109324455261,
      "32": 0.7870180606842041,
      "64": 0.8172564506530762
    }
  },
  "results": {
    "fp4_baseline": {
      "weight": {
        "rel_fro": 0.09530239552259445,
        "row_relerr_mean": 0.09512798488140106,
        "row_relerr_p99": 0.10072626918554306,
        "row_relerr_max": 0.10622276365756989,
        "row_snr_db_mean": 20.436899185180664,
        "row_snr_db_min": 19.475648880004883
      },
      "logit": {
        "mse": 0.2952738404273987,
        "cosine": 0.9883546233177185,
        "kl_gold_cand": 0.01643519289791584,
        "top1_agree": 0.9549999833106995,
        "top5_overlap": 0.8669999241828918,
        "top5_rank_corr": 0.8897499442100525
      },
      "loss": {
        "ce_gold": 0.8849291205406189,
        "ce_cand": 0.8927232623100281,
        "ce_delta": 0.00779414176940918,
        "ppl_gold": 2.4228127002716064,
        "ppl_cand": 2.441770315170288,
        "ppl_ratio": 1.0078246593475342
      }
    },
    "plain_k8": {
      "weight": {
        "rel_fro": 0.09432119131088257,
        "row_relerr_mean": 0.0934002697467804,
        "row_relerr_p99": 0.0998593419790268,
        "row_relerr_max": 0.1046401709318161,
        "row_snr_db_mean": 20.646390914916992,
        "row_snr_db_min": 19.60603141784668
      },
      "logit": {
        "mse": 0.1776685118675232,
        "cosine": 0.9932488799095154,
        "kl_gold_cand": 0.011859392747282982,
        "top1_agree": 0.9599999785423279,
        "top5_overlap": 0.8849999904632568,
        "top5_rank_corr": 0.8972500562667847
      },
      "loss": {
        "ce_gold": 0.8849291205406189,
        "ce_cand": 0.8920230865478516,
        "ce_delta": 0.007093966007232666,
        "ppl_gold": 2.4228127002716064,
        "ppl_cand": 2.440061092376709,
        "ppl_ratio": 1.0071191787719727
      }
    },
    "plain_k16": {
      "weight": {
        "rel_fro": 0.09361632913351059,
        "row_relerr_mean": 0.09250567853450775,
        "row_relerr_p99": 0.09918343275785446,
        "row_relerr_max": 0.10435163229703903,
        "row_snr_db_mean": 20.78296661376953,
        "row_snr_db_min": 19.630016326904297
      },
      "logit": {
        "mse": 0.17199215292930603,
        "cosine": 0.9934841990470886,
        "kl_gold_cand": 0.011465397663414478,
        "top1_agree": 0.9624999761581421,
        "top5_overlap": 0.8859999179840088,
        "top5_rank_corr": 0.9002498984336853
      },
      "loss": {
        "ce_gold": 0.8849291205406189,
        "ce_cand": 0.8917481899261475,
        "ce_delta": 0.0068190693855285645,
        "ppl_gold": 2.4228127002716064,
        "ppl_cand": 2.4393904209136963,
        "ppl_ratio": 1.0068423748016357
      }
    },
    "plain_k32": {
      "weight": {
        "rel_fro": 0.0924750342965126,
        "row_relerr_mean": 0.09124770760536194,
        "row_relerr_p99": 0.09816128760576248,
        "row_relerr_max": 0.1032005026936531,
        "row_snr_db_mean": 20.951114654541016,
        "row_snr_db_min": 19.726364135742188
      },
      "logit": {
        "mse": 0.1645507514476776,
        "cosine": 0.9938094615936279,
        "kl_gold_cand": 0.010824558325111866,
        "top1_agree": 0.9699999690055847,
        "top5_overlap": 0.8884999752044678,
        "top5_rank_corr": 0.9039999842643738
      },
      "loss": {
        "ce_gold": 0.8849291205406189,
        "ce_cand": 0.8900564312934875,
        "ce_delta": 0.005127310752868652,
        "ppl_gold": 2.4228127002716064,
        "ppl_cand": 2.4352669715881348,
        "ppl_ratio": 1.0051405429840088
      }
    },
    "plain_k64": {
      "weight": {
        "rel_fro": 0.090580515563488,
        "row_relerr_mean": 0.08931457996368408,
        "row_relerr_p99": 0.09640772640705109,
        "row_relerr_max": 0.10113686323165894,
        "row_snr_db_mean": 21.144922256469727,
        "row_snr_db_min": 19.901809692382812
      },
      "logit": {
        "mse": 0.16138942539691925,
        "cosine": 0.9939478039741516,
        "kl_gold_cand": 0.010772447101771832,
        "top1_agree": 0.9599999785423279,
        "top5_overlap": 0.8880000114440918,
        "top5_rank_corr": 0.9014999270439148
      },
      "loss": {
        "ce_gold": 0.8849291205406189,
        "ce_cand": 0.8899807929992676,
        "ce_delta": 0.005051672458648682,
        "ppl_gold": 2.4228127002716064,
        "ppl_cand": 2.4350829124450684,
        "ppl_ratio": 1.0050644874572754
      }
    },
    "l2qer_k8": {
      "weight": {
        "rel_fro": 0.09450838714838028,
        "row_relerr_mean": 0.09414350986480713,
        "row_relerr_p99": 0.09996801614761353,
        "row_relerr_max": 0.10500862449407578,
        "row_snr_db_mean": 20.52989959716797,
        "row_snr_db_min": 19.575498580932617
      },
      "logit": {
        "mse": 0.17144030332565308,
        "cosine": 0.9935357570648193,
        "kl_gold_cand": 0.011319166049361229,
        "top1_agree": 0.9749999642372131,
        "top5_overlap": 0.8814999461174011,
        "top5_rank_corr": 0.9042500257492065
      },
      "loss": {
        "ce_gold": 0.8849291205406189,
        "ce_cand": 0.8936514854431152,
        "ce_delta": 0.008722364902496338,
        "ppl_gold": 2.4228127002716064,
        "ppl_cand": 2.444037914276123,
        "ppl_ratio": 1.0087605714797974
      }
    },
    "l2qer_k16": {
      "weight": {
        "rel_fro": 0.09395161271095276,
        "row_relerr_mean": 0.09352483600378036,
        "row_relerr_p99": 0.0994267538189888,
        "row_relerr_max": 0.10468351095914841,
        "row_snr_db_mean": 20.588516235351562,
        "row_snr_db_min": 19.602434158325195
      },
      "logit": {
        "mse": 0.16283072531223297,
        "cosine": 0.9938885569572449,
        "kl_gold_cand": 0.010763941332697868,
        "top1_agree": 0.9799999594688416,
        "top5_overlap": 0.8890000581741333,
        "top5_rank_corr": 0.90625
      },
      "loss": {
        "ce_gold": 0.8849291205406189,
        "ce_cand": 0.8913058638572693,
        "ce_delta": 0.006376743316650391,
        "ppl_gold": 2.4228127002716064,
        "ppl_cand": 2.4383115768432617,
        "ppl_ratio": 1.0063971281051636
      }
    },
    "l2qer_k32": {
      "weight": {
        "rel_fro": 0.09296607971191406,
        "row_relerr_mean": 0.09245146065950394,
        "row_relerr_p99": 0.09848980605602264,
        "row_relerr_max": 0.10393313318490982,
        "row_snr_db_mean": 20.691450119018555,
        "row_snr_db_min": 19.664920806884766
      },
      "logit": {
        "mse": 0.15495288372039795,
        "cosine": 0.99424147605896,
        "kl_gold_cand": 0.010255510918796062,
        "top1_agree": 0.9774999618530273,
        "top5_overlap": 0.8930000066757202,
        "top5_rank_corr": 0.9127500057220459
      },
      "loss": {
        "ce_gold": 0.8849291205406189,
        "ce_cand": 0.8898433446884155,
        "ce_delta": 0.004914224147796631,
        "ppl_gold": 2.4228127002716064,
        "ppl_cand": 2.4347481727600098,
        "ppl_ratio": 1.004926323890686
      }
    },
    "l2qer_k64": {
      "weight": {
        "rel_fro": 0.09130024164915085,
        "row_relerr_mean": 0.09057188779115677,
        "row_relerr_p99": 0.0969947949051857,
        "row_relerr_max": 0.1016017496585846,
        "row_snr_db_mean": 20.88224983215332,
        "row_snr_db_min": 19.861976623535156
      },
      "logit": {
        "mse": 0.14952732622623444,
        "cosine": 0.9944781064987183,
        "kl_gold_cand": 0.009702416136860847,
        "top1_agree": 0.9774999618530273,
        "top5_overlap": 0.8899999856948853,
        "top5_rank_corr": 0.9072499871253967
      },
      "loss": {
        "ce_gold": 0.8849291205406189,