{
  "workload": {
    "model": "Llama-3B (fresh-init, LoRA r=8)",
    "bs_per_rank": 2,
    "seq": 256,
    "n_iters": 6,
    "n_warmup": 2,
    "dtype": "fp16",
    "gpus": "1,4,5,7 (RTX 3090)"
  },
  "wall_clock_s": 148.78275777003728,
  "summaries": [
    {
      "mode": "single",
      "world_size": 1,
      "bs_per_rank": 2,
      "median_iter_s": 0.23577753052813932,
      "throughput_samples_per_s": 8.482572514522566,
      "peak_gpu_bytes_per_rank": [
        5364669440
      ],
      "cpu_pinned_bytes_per_rank": [
        0
      ],
      "peak_gpu_bytes_max": 5364669440,
      "cpu_pinned_bytes_max": 0,
      "iter_times_rank0": [
        0.2622969209915027,
        0.2343649819958955,
        0.23535219702171162,
        0.23620286403456703,
        0.23915458301780745,
        0.23517691000597551
      ]
    },
    {
      "mode": "ddp",
      "world_size": 4,
      "bs_per_rank": 2,
      "median_iter_s": 0.2589183390082326,
      "throughput_samples_per_s": 30.89777275199356,
      "peak_gpu_bytes_per_rank": [
        5381430784,
        5381430784,
        5381430784,
        5381430784
      ],
      "cpu_pinned_bytes_per_rank": [
        0,
        0,
        0,
        0
      ],
      "peak_gpu_bytes_max": 5381430784,
      "cpu_pinned_bytes_max": 0,
      "iter_times_rank0": [
        0.27534350100904703,
        0.2589218989596702,
        0.25708264601416886,
        0.2584944380214438,
        0.2747839780058712,
        0.2593422399950214
      ]
    },
    {
      "mode": "replicated",
      "world_size": 4,
      "bs_per_rank": 2,
      "median_iter_s": 0.7236161325126886,
      "throughput_samples_per_s": 11.055585469357567,
      "peak_gpu_bytes_per_rank": [
        3091387904,
        3091387904,
        3091387904,
        3091387904
      ],
      "cpu_pinned_bytes_per_rank": [
        3822305280,
        3822305280,
        3822305280,
        3822305280
      ],
      "peak_gpu_bytes_max": 3091387904,
      "cpu_pinned_bytes_max": 3822305280,
      "iter_times_rank0": [
        0.8891229090513662,
        0.7220210579689592,
        0.7214328699628823,
        0.7231979100033641,
        0.7262471180292778,
        0.7240343550220132
      ]
    },
    {
      "mode": "zero3",
      "world_size": 4,
      "bs_per_rank": 2,
      "median_iter_s": 1.3499139675113838,
      "throughput_samples_per_s": 5.926303596034565,
      "peak_gpu_bytes_per_rank": [
        3091387904,
        3091387904,
        3091387904,
        3091387904
      ],
      "cpu_pinned_bytes_per_rank": [
        955576320,
        955576320,
        955576320,
        955576320
      ],
      "peak_gpu_bytes_max": 3091387904,
      "cpu_pinned_bytes_max": 955576320,
      "iter_times_rank0": [
        1.541227414039895,
        1.345633408986032,
        1.3498258489998989,
        1.3500020860228688,
        1.348802155989688,
        1.3525009219883941
      ]
    }
  ]
}
